<?xml version="1.0" encoding="UTF-8"?>
<!DOCTYPE mapper PUBLIC "-//mybatis.org//DTD Mapper 3.0//EN" "http://mybatis.org/dtd/mybatis-3-mapper.dtd">
<mapper namespace="com.projectmoon.persistence.WorldnewsMapper">
<!-- 		<resultMap type="HashMap" id="ListInMap"> -->
<!-- 		<result property="kcode" column="kcode"/> -->
<!-- 		<result property="kname" column="kname"/> -->
<!-- 		<result property="kbday" column="kbday"/> -->
<!-- 		<result property="kstbit" column="kstbit"/> -->
<!-- 		<result property="kindate" column="kindate"/> -->
<!-- 		<result property="scode" column="scode"/> -->
<!-- 		<result property="sname" column="sname"/> -->
<!-- 		<result property="bname" column="bname"/> -->
<!-- 		<result property="tname" column="tname"/> -->
<!-- 		<result property="jjjname" column="jjjname"/> -->
<!-- 		<result property="name" column="name"/> -->
<!-- 		<result property="ilday" column="ilday"/> -->
<!-- 		<result property="score" column="score"/> -->
<!-- 		<result property="yymm" column="yymm"/> -->
<!-- 		<result property="kkjcode" column="kkjcode"/> -->
<!-- 		<result property="kkjname" column="kkjname"/> -->
<!-- 	</resultMap> -->
	
	<!-- 경제지표 정보 입력 -->
	<insert id="InsertEconomicIndicator" parameterType="com.projectmoon.domain.WorldnewsVO">
		INSERT INTO ECONOMIC_INDICATOR (
			country
			, year
			, month
			, cpi
			, core_cpi
			, pce
		)
		values (
			#{country}
			, #{year}
			, #{month}
			, #{cpi}
			, #{core_cpi}
			, #{pce}
		)
	</insert>
	
	<!-- 뉴스 정보 입력 -->
	<insert id="InsertNews" parameterType="com.projectmoon.domain.WorldnewsVO">
		INSERT INTO NEWS (
			country
			, market
			, ticker
			, year
			, month
			, date
			, news
		)
		values (
			#{country}
			, #{market}
			, #{ticker}
			, #{year}
			, #{month}
			, #{date}
			, #{news}
		
		)
		
	</insert>
	
	<!-- 경제지표 정보 가져오기 -->
	<select id="SelectEconomicIndicator" parameterType="com.projectmoon.domain.WorldnewsVO">
		SELECT
			country
			, year
			, month
			, cpi
			, core_cpi
			, pce
		FROM ECONOMIC_INDICATOR
		WHERE 1=1
			<if test="country != null and country != ''">
				and country = #{country}
			</if>
			<if test="year != null and year != ''">
				and year = #{year}
			</if>
			<if test="month != null and month != ''">
				and month = #{month}
			</if>
			 
	</select>
	
	<!-- 뉴스 정보 가져오기 -->
	<select id="SelectNews" parameterType="com.projectmoon.domain.WorldnewsVO">
		SELECT
			country
			, market
			, ticker
			, year
			, month
			, date
			, news
		FROM NEWS
		WHERE 1=1
			<if test="country != null and country != ''">
				and country = #{country}
			</if>
			<if test="market != null and market != ''">
				and market = #{market}
			</if>
			<if test="ticker != null and ticker != ''">
				and ticker = #{ticker}
			</if>
			<if test="year != null and year != ''">
				and year = #{year}
			</if>
			<if test="month != null and month != ''">
				and month = #{month}
			</if>
			<if test="date != null and date != ''">
				and date = #{date}
			</if>
			
	</select>
	
	<!-- 경제지표 정보 수정하기 -->
	<update id="UpdateEconomicIndicator" parameterType="com.projectmoon.domain.WorldnewsVO">
		UPDATE ECONOMIC_INDICATOR
		SET
			country = #{country}
			, year = #{year}
			, month = #{month}
			, cpi = #{cpi}
			, core_cpi = #{core_cpi}
			, pce = #{pce}
		WHERE 1=1
				and country = #{country}
				and year = #{year}
				and month = #{month}
	</update>
	
	<!-- 뉴스 정보 수정하기 -->
	<update id="UpdateNews" parameterType="com.projectmoon.domain.WorldnewsVO">
		UPDATE NEWS
		SET
			country = #{country}
			, market = #{market}
			, ticker = #{ticker}
			, year = #{year}
			, month = #{month}
			, date = #{date}
			, news = #{news}
		WHERE 1=1
				and country = #{country}
			<if test="market != null and market != ''">
				and market = #{market}
			</if>
			<if test="ticker != null and ticker != ''">
				and ticker = #{ticker}
			</if>
				and year = #{year}
				and month = #{month}
				and date = #{date}
	</update>
		
	<!-- 경제지표 정보 삭제하기 -->
	<delete id="DeleteEconomicIndicator" parameterType="com.projectmoon.domain.WorldnewsVO">
		DELETE
		FROM ECONOMIC_INDICATOR
		WHERE 1=1
			and country = #{country}
			and year = #{year}
			and month = #{month}
	</delete>
	
	<!-- 뉴스 정보 삭제하기 -->	
	<delete id="DeleteNews" parameterType="com.projectmoon.domain.WorldnewsVO">
		DELETE
		FROM NEWS
		WHERE 1=1
				and country = #{country}
			<if test="market != null and market != ''">
				and market = #{market}
			</if>
			<if test="ticker != null and ticker != ''">
				and ticker = #{ticker}
			</if>
				and year = #{year}
				and month = #{month}
				and date = #{date}
	</delete>
	
	
	
	
</mapper>
