<?xml version="1.0" encoding="UTF-8"?>
<!DOCTYPE mapper PUBLIC "-//mybatis.org//DTD Mapper 3.0//EN" "http://mybatis.org/dtd/mybatis-3-mapper.dtd">
<mapper namespace="com.projectmoon.persistence.AllocationMapper">
	
	<!-- 주식 정보 입력 -->
	<insert id="InsertAllocation" parameterType="com.projectmoon.domain.AllocationVO">
		INSERT INTO ALLOCATION (
			COUNTRY
			, MARKET
			, TICKER
			, NAME
			, YYMM
			, DIVIDEND_PER_SHARE
			, ODDS
		)
		values (
			#{country}
			, #{market}
			, #{ticker}
			, #{name}
			, #{yymm}
			, #{dividendPerShare}
			, #{odds}
		)
	</insert>
	
	<!-- 주식 정보 가져오기 -->
	<select id="SelectAllocation" parameterType="com.projectmoon.domain.AllocationVO" resultType="com.projectmoon.domain.AllocationVO">
		SELECT 
			COUNTRY
			, MARKET
			, TICKER
			, NAME
			, YYMM
			, DIVIDEND_PER_SHARE
			, ODDS
		FROM ALLOCATION
		WHERE 1=1
			and COUNTRY = #{country}
			and MARKET = #{market}
			and TICKER = #{ticker}
			<if test="yymm != null and yymm != ''">
				and YYMM = #{yymm}
			</if>
	</select>
	
	<!-- 주식 정보 수정하기 -->
	<update id="UpdateAllocation" parameterType="com.projectmoon.domain.AllocationVO">
		UPDATE ALLOCATION
		SET
			COUNTRY = #{country}
			, MARKET = #{market}
			, TICKER = #{ticker}
			, NAME = #{name}
			, YYMM = #{yymm}
			, DIVIDEND_PER_SHARE = #{dividendPerShare}
			, ODDS = #{odds}
			
		WHERE 1=1
			AND COUNTRY = #{country}
			AND MARKET = #{market}
			AND TICKER = #{ticker}
			AND YYMM = #{yymm}
			
	</update>
	
	<!-- 주식 정보 삭제하기 -->
	<delete id="DeleteAllocation" parameterType="com.projectmoon.domain.AllocationVO" >
		DELETE
		FROM ALLOCATION
		WHERE 1=1
			and COUNTRY = #{country}
			and MARKET = #{market}
			and TICKER = #{ticker}
	</delete>
	
	
	
	
	
	
	
	
</mapper>
