<?xml version="1.0" encoding="UTF-8"?>
<beans xmlns="http://www.springframework.org/schema/beans"
	xmlns:xsi="http://www.w3.org/2001/XMLSchema-instance"
	xmlns:mybatis="http://mybatis.org/schema/mybatis-spring"
	xmlns:context="http://www.springframework.org/schema/context"
	xsi:schemaLocation="
	http://www.springframework.org/schema/beans https://www.springframework.org/schema/beans/spring-beans.xsd
	http://www.springframework.org/schema/context http://www.springframework.org/schema/context/spring-context.xsd
  	http://mybatis.org/schema/mybatis-spring 
  	http://mybatis.org/schema/mybatis-spring.xsd
	">

	<!-- Root Context: defines shared resources visible to all other web components -->

	<context:property-placeholder
		location="classpath:properties/${spring.profiles.active}.properties" />

	<bean id="dataSource" class="org.springframework.jdbc.datasource.DriverManagerDataSource">
		<property name="driverClassName" value="${MariaDB.driverClassName}" />
		<property name="url" value="${MariaDB.url}" />
		<property name="username" value="${MariaDB.username}" />
		<property name="password" value="${MariaDB.password}" />
	</bean>

	<!-- 이 설정으로 매퍼.java 파일의 위치를 찾아낸다 -->
	<!-- 
	<mybatis:scan base-package="com.projectmoon.persistence.*" />
 	-->
	<bean id="sqlSession" class="org.mybatis.spring.SqlSessionTemplate">
		<constructor-arg name="sqlSessionFactory" ref="sqlSessionFactory" />
	</bean>

	<bean id="sqlSessionFactory" class="org.mybatis.spring.SqlSessionFactoryBean">
		<property name="dataSource" ref="dataSource"></property>
		<property name="configLocation" value="classpath:/mybatis-config.xml"></property>
		<!-- 이 설정으로 매퍼.xml 파일의 위치를 찾아낸다 -->
		<property name="mapperLocations" value="classpath:/mapper/com/*/*.xml"></property>
	</bean>

	<!-- Spring에서 제공하는 DB Transaction Manager를 bean으로 등록 -->
	<bean class="org.springframework.jdbc.datasource.DataSourceTransactionManager" id="transactionManager">
		<property name="dataSource" ref="dataSource" />
	</bean>



</beans>
