<?xml version="1.0" encoding="UTF-8"?>
<!DOCTYPE mapper PUBLIC "-//mybatis.org//DTD Mapper 3.0//EN" "http://mybatis.org/dtd/mybatis-3-mapper.dtd">
<mapper namespace="com.projectmoon.persistence.CompanyMapper">
	
	<!-- 회사 정보 입력 -->
	<insert id="InsertCompany" parameterType="com.projectmoon.domain.CompanyVO">
		INSERT INTO COMPANY (
			COUNTRY
			, MARKET
			, TICKER
			, NAME
			, SECTOR
			, REMARK
		)
		VALUES(
			#{country}
			, #{market}
			, #{ticker}
			, #{name}
			, #{sector}
			, #{remark}
		)
	</insert>
	
	<!-- 회사정보 불러오기 -->
	<select id="selectCompany" parameterType="com.projectmoon.domain.CompanyVO" resultType="com.projectmoon.domain.CompanyVO">
		SELECT
			(SELECT PROPERTIES FROM CD_CODE WHERE code = 'CM' AND MAIN_CATEGORY = a.COUNTRY) COUNTRY
			, (SELECT PROPERTIES FROM CD_CODE WHERE code = a.COUNTRY AND MAIN_CATEGORY = a.MARKET) MARKET
			, TICKER
			, NAME
			, (SELECT PROPERTIES FROM CD_CODE WHERE code = 'STOCK' AND MAIN_CATEGORY = a.SECTOR) SECTOR
			, REMARK
		FROM
			COMPANY a
		WHERE 1=1
			AND COUNTRY = #{country}
			AND MARKET = #{market}
			<if test="sector != null and sector != ''">
				AND SECTOR = #{sector}
			</if>
			AND TICKER = #{ticker}
		
	</select>
	
	<!-- 회사정보 수정하기 -->
	<update id="UpdateCompany" parameterType="com.projectmoon.domain.CompanyVO">
		UPDATE COMPANY
		SET
			COUNTRY = #{country}
			, MARKET = #{market}
			, TICKER = #{ticker}
			, NAME = #{name}
			, SECTOR = #{sector}
			, REMARK = #{remark}
		WHERE 1=1
	</update>
	
	<!-- 회사정보 삭제하기 -->
	<delete id="DeleteCompany" parameterType="com.projectmoon.domain.CompanyVO">
		DELETE
		FROM COMPANY
		WHERE 1=1
			AND COUNTRY = #{country}
			AND MARKET = #{market}
			AND TICKER = #{ticker}
	</delete>
	
	<!-- 회사 리스트 불러오기 -->
	<select id="getCompanyList" parameterType="com.projectmoon.domain.CompanyVO" resultType="com.projectmoon.domain.CompanyVO">
		SELECT
			TICKER
			, NAME
		FROM
			COMPANY
		WHERE 1=1
			AND COUNTRY = #{country}
			AND MARKET = #{market}
			<if test="sector != null and sector != ''">
				AND SECTOR = #{sector}
			</if>
		
	</select>
	
	<!-- 나라 리스트 불러오기 -->
	<select id="getCountryList" resultType="com.projectmoon.domain.CompanyVO">
		SELECT
			COUNTRY
			, (SELECT PROPERTIES FROM CD_CODE WHERE code = 'CM' AND MAIN_CATEGORY = a.COUNTRY) NAME
		FROM
			COMPANY a
		WHERE 1=1
		GROUP BY
			COUNTRY
	
	</select>
	
	<!-- 시장 리스트 불러오기 -->
	<select id="getMarketList" parameterType="com.projectmoon.domain.CompanyVO" resultType="com.projectmoon.domain.CompanyVO">
		SELECT
			MARKET
			, (SELECT PROPERTIES FROM CD_CODE WHERE code = a.COUNTRY AND MAIN_CATEGORY = a.MARKET) NAME
		FROM
			COMPANY a
		WHERE 1=1
			AND COUNTRY = #{country}
		GROUP BY
			MARKET
	</select>
	
</mapper>
